ts,button,state
1764423658.9307973,7,1
1764423659.066148,7,0
1764423660.3182566,7,1
1764423660.48684,7,0
1764423661.262167,7,1
1764423661.3970094,7,0
1764423661.8695805,7,1
1764423662.004377,7,0
1764423663.4926553,7,1
1764423663.629365,7,0
1764423699.9359744,7,1
1764423700.072219,7,0
1764423705.3568988,29,1
1764423705.6004484,29,0
1764423706.1783926,29,1
1764423706.3152697,29,0
1764423706.7602751,29,1
1764423707.1702902,29,0
1764423708.6103358,29,1
1764423708.8164387,29,0
1764423709.5278676,29,1
1764423709.6656284,29,0
1764423711.9856822,23,0
1764423711.9875045,24,1
1764423712.6296296,24,0
1764423712.6301525,25,1
1764423713.7878618,24,1
1764423713.7880306,25,0
1764423714.508945,23,1
1764423714.510528,24,0
1764423715.3573315,23,0
1764423715.360589,24,1
1764423715.6326292,24,0
1764423715.6342115,25,1
1764423715.876273,24,1
1764423715.8764446,25,0
1764423715.9136922,23,1
1764423715.9138355,24,0
1764423771.813184,7,1
1764423771.8845239,7,0
1764423772.7636545,7,1
1764423772.9313135,7,0
1764423865.3622415,7,1
1764423865.5672,7,0
1764423868.1564837,7,1
1764423868.225396,7,0
1764423939.4772334,7,1
1764423939.5820353,7,0
1764423940.5974455,7,1
1764423940.6988964,7,0
1764423942.049469,7,1
1764423942.150037,7,0
1764423946.3771796,7,1
1764423946.4812653,7,0
1764423946.853061,7,1
1764423946.990353,7,0
1764423947.1253219,7,1
1764423947.798829,7,0
1764423948.0682342,7,1
1764423948.2040737,7,0
1764423948.3400137,7,1
1764423948.4416335,7,0
1764423948.98246,7,1
1764423949.04961,7,0
1764423949.1850033,7,1
1764423949.286451,7,0
1764423949.624141,7,1
1764423949.7258098,7,0
1764423949.82863,7,1
1764423949.9642015,7,0
1764423950.0990968,7,1
1764423950.167188,7,0
1764423950.7061684,7,1
1764423950.7746024,7,0
1764423950.90937,7,1
1764423951.0109456,7,0
1764423951.112838,7,1
1764423951.2149532,7,0
1764423951.484108,7,1
1764423951.5860393,7,0
1764423951.720394,7,1
1764423951.7910836,7,0
1764423952.1687298,7,1
1764423952.270681,7,0
1764423952.3723779,7,1
1764423952.509101,7,0
1764423952.8151538,7,1
1764423952.9237711,7,0
1764423953.5975366,7,1
1764423953.6999583,7,0
1764423953.8348267,7,1
1764423953.970561,7,0
1764423960.3279295,23,0
1764423960.3285053,24,1
1764423960.4315364,24,0
1764423960.4322205,25,1
1764423963.856709,24,1
1764423963.8568747,25,0
1764423964.7353835,24,0
1764423964.7357278,25,1
1764423965.5474744,24,1
1764423965.5476232,25,0
1764423965.7849984,23,1
1764423965.7861717,24,0
1764423966.4306996,23,0
1764423966.430841,24,1
1764423966.4994097,24,0
1764423966.5010374,25,1
1764423966.9759142,24,1
1764423966.9766645,25,0
1764423967.0809283,23,1
1764423967.082084,24,0
1764423967.6925993,23,0
1764423967.6941595,24,1
1764423967.7628808,24,0
1764423967.7630236,25,1
1764423968.2726805,24,1
1764423968.274405,25,0
1764423968.412135,23,1
1764423968.4128995,24,0
1764423969.3935528,23,0
1764423969.3961155,24,1
1764423969.5321262,24,0
1764423969.532695,25,1
1764423970.0785153,24,1
1764423970.0787797,25,0
1764423970.1479416,23,1
1764423970.1480923,24,0
1764423970.522725,23,0
1764423970.5228772,24,1
1764423970.590828,24,0
1764423970.590965,25,1
1764423971.0316863,24,1
1764423971.0318227,25,0
1764423971.1335664,23,1
1764423971.1337268,24,0
1764423971.4725447,23,0
1764423971.472966,24,1
1764423971.541112,24,0
1764423971.5425801,25,1
1764423971.9501116,24,1
1764423971.9502559,25,0
1764423972.017973,23,1
1764423972.0182507,24,0
1764423973.1422827,23,0
1764423973.1434772,24,1
1764423973.2810452,24,0
1764423973.2811818,25,1
1764423974.5705795,24,1
1764423974.5719965,25,0
1764423974.6059864,23,1
1764423974.6068366,24,0
1764423975.150371,23,0
1764423975.1505432,24,1
1764423975.186117,24,0
1764423975.186254,25,1
1764423975.5919216,23,1
1764423975.592061,25,0
1764424793.7700226,7,1
1764424793.918956,7,0
1764424858.1449628,7,1
1764424858.3274076,7,0
1764424866.1112182,7,1
1764424866.2166731,7,0
1764424892.7912912,33,1
1764424892.8273082,33,0
1764424893.0031106,23,0
1764424893.003785,24,1
1764424893.07566,24,0
1764424893.075828,25,1
1764424897.7139626,7,1
1764424897.8200614,7,0
1764424899.3823044,24,1
1764424899.382671,25,0
1764424899.7067,23,1
1764424899.7068398,24,0
1764424900.3813188,23,0
1764424900.3825462,24,1
1764424902.799487,23,1
1764424902.800595,24,0
1764424903.651672,23,0
1764424903.6524918,24,1
1764424903.6891432,24,0
1764424903.6892848,25,1
1764424904.9094105,24,1
1764424904.90987,25,0
1764424904.9465003,23,1
1764424904.9472067,24,0
1764424905.8705282,23,0
1764424905.870858,24,1
1764424907.4691,24,0
1764424907.469248,25,1
1764424908.2121158,24,1
1764424908.2130716,25,0
1764424908.3543267,23,1
1764424908.3544981,24,0
1764424908.990524,23,0
1764424908.991098,24,1
1764424909.7791352,24,0
1764424909.7801545,25,1
1764424910.8830569,24,1
1764424910.883778,25,0
1764424910.992227,23,1
1764424910.9923692,24,0
1764424911.4171796,23,0
1764424911.4186497,25,1
1764424911.8433688,24,1
1764424911.844032,25,0
1764424911.915666,23,1
1764424911.9163852,24,0
1764424922.1675904,23,0
1764424922.1683898,24,1
1764424922.2044554,24,0
1764424922.206174,25,1
1764424924.9419532,24,1
1764424924.942094,25,0
1764424928.2705815,23,1
1764424928.2715158,24,0
1764424928.985398,23,0
1764424928.9860864,24,1
1764424929.021367,24,0
1764424929.0216768,25,1
1764424931.886211,24,1
1764424931.8866172,25,0
1764424933.012657,23,1
1764424933.0134,24,0
1764425085.7823844,7,1
1764425085.9053843,7,0
1764425087.0338047,23,0
1764425087.0339382,24,1
1764425088.5847535,24,0
1764425088.5849972,25,1
1764425090.7014062,24,1
1764425090.702488,25,0
1764425091.985879,23,1
1764425091.9868414,24,0
1764425092.5411181,23,0
1764425092.5414486,24,1
1764425094.219463,24,0
1764425094.2202692,25,1
1764425095.5672,24,1
1764425095.5677698,25,0
1764425096.3083472,23,1
1764425096.3097382,24,0
1764425096.7805228,23,0
1764425096.7813847,24,1
1764425096.9313934,24,0
1764425096.9317465,25,1
1764425098.7299097,24,1
1764425098.7349286,25,0
1764425100.4312525,24,0
1764425100.431497,25,1
1764425101.485474,24,1
1764425101.4864442,25,0
1764425101.5226266,23,1
1764425101.5242558,24,0
1764425104.386158,23,0
1764425104.3868704,24,1
1764425106.0979857,24,0
1764425106.09895,25,1
1764425106.9073303,24,1
1764425106.9095159,25,0
1764425107.7496932,24,0
1764425107.7502377,25,1
1764425109.5056942,24,1
1764425109.5058477,25,0
1764425109.542354,23,1
1764425109.5436833,24,0
1764425109.7628016,23,0
1764425109.7635126,24,1
1764425109.7999809,24,0
1764425109.8005764,25,1
1764425111.081245,24,1
1764425111.08181,25,0
1764425131.9247582,24,0
1764425131.9259884,25,1
1764425131.9615698,0,1
1764425132.070861,0,0
1764425135.8220842,24,1
1764425135.8223305,25,0
1764425137.4525928,23,1
1764425137.4534624,24,0
1764425138.6234667,23,0
1764425138.6239176,24,1
1764425140.2151854,24,0
1764425140.2160919,25,1
1764425141.1980882,24,1
1764425141.1992755,25,0
1764425144.2517178,24,0
1764425144.2530708,25,1
1764425145.2088082,24,1
1764425145.210539,25,0
1764425146.58575,23,1
1764425146.5858965,24,0
1764425148.3695283,23,0
1764425148.3706698,24,1
1764425149.684962,24,0
1764425149.6854854,25,1
1764425150.6259997,24,1
1764425150.6281168,25,0
1764425152.0805845,24,0
1764425152.080729,25,1
1764425154.813843,24,1
1764425154.8145866,25,0
1764425157.5311596,23,1
1764425157.5314636,24,0
1764425180.1783483,23,0
1764425180.1797078,24,1
1764425180.2174442,24,0
1764425180.2181876,25,1
1764425180.9968853,24,1
1764425180.9973214,25,0
1764425181.8456748,24,0
1764425181.8465183,25,1
1764425183.107048,24,1
1764425183.1102424,25,0
1764425183.1469724,23,1
1764425183.14925,24,0
1764425277.4688015,23,0
1764425277.4695003,24,1
1764425278.435856,24,0
1764425278.435983,25,1
1764425280.3235748,24,1
1764425280.3240657,25,0
1764425280.7771242,23,1
1764425280.7772686,24,0
1764425281.3556738,23,0
1764425281.3558667,24,1
1764425281.5973606,24,0
1764425281.5978172,25,1
1764425282.0140913,23,1
1764425282.0144036,25,0
1764425282.4929388,23,0
1764425282.493085,24,1
1764425283.0365934,24,0
1764425283.0372498,25,1
1764425283.4535978,23,1
1764425283.4538677,25,0
1764425345.69186,23,0
1764425345.6921306,24,1
1764425346.6034136,24,0
1764425346.6044788,25,1
1764425348.833155,24,1
1764425348.8335454,25,0
1764425349.5416045,23,1
1764425349.5427468,24,0
1764425350.2197385,23,0
1764425350.2201424,24,1
1764425350.3212106,24,0
1764425350.322378,25,1
1764425351.2007794,24,1
1764425351.2011442,25,0
1764425352.079122,23,1
1764425352.080574,24,0
1764425352.6188774,23,0
1764425352.6193252,24,1
1764425353.396673,24,0
1764425353.3968565,25,1
1764425359.8518867,24,1
1764425359.8524816,25,0
1764425359.8869667,23,1
1764425359.887485,24,0
1764425360.6338966,23,0
1764425360.6342957,25,1
1764425360.972485,24,1
1764425360.9742606,25,0
1764425361.6501138,23,1
1764425361.6506512,24,0
1764425362.3301568,23,0
1764425362.3303006,24,1
1764425362.6345158,23,1
1764425362.63503,24,0
1764425363.1816373,23,0
1764425363.1822278,24,1
1764425364.4363847,24,0
1764425364.4371843,25,1
1764425364.6769562,24,1
1764425364.677101,25,0
1764425364.711212,23,1
1764425364.711352,24,0
1764425365.8319473,23,0
1764425365.8320966,24,1
1764425367.0887096,24,0
1764425367.089423,25,1
1764425368.4508405,24,1
1764425368.4510167,25,0
1764425368.6206405,23,1
1764425368.6217856,24,0
1764425565.7924688,23,0
1764425565.7932563,24,1
1764425565.8296428,24,0
1764425565.8328123,25,1
1764425566.461533,24,1
1764425566.4631066,25,0
1764425567.4462018,23,1
1764425567.44661,24,0
1764425568.3892558,23,0
1764425568.391991,24,1
1764425568.5319421,24,0
1764425568.5323977,25,1
1764425569.0880995,24,1
1764425569.090203,25,0
1764425569.3344028,23,1
1764425569.3350616,24,0
1764425776.9054017,23,0
1764425776.9059548,24,1
1764425779.166802,24,0
1764425779.1678069,25,1
1764425781.194599,24,1
1764425781.1966448,25,0
1764425781.9111466,23,1
1764425781.9159837,24,0
1764425782.364113,23,0
1764425782.3646526,24,1
1764425782.5716155,24,0
1764425782.5720048,25,1
1764425785.4671242,24,1
1764425785.468698,25,0
1764425786.052563,23,1
1764425786.0529068,24,0
1764425786.6251824,23,0
1764425786.62709,24,1
1764425786.9001026,24,0
1764425786.9007976,25,1
1764425788.1558657,33,1
1764425788.190461,33,0
1764425788.7690294,24,1
1764425788.7701461,25,0
1764425789.0057464,23,1
1764425789.006515,24,0
1764425789.6548066,23,0
1764425789.6552534,24,1
1764425789.7572439,24,0
1764425789.757685,25,1
1764425791.183595,24,1
1764425791.184208,25,0
1764425791.21817,23,1
1764425791.219134,24,0
1764425791.7588997,23,0
1764425791.7595036,24,1
1764425791.7934055,24,0
1764425791.7937496,25,1
1764425794.2833443,24,1
1764425794.285606,25,0
1764425795.1718616,23,1
1764425795.1723397,24,0
1764425795.9515169,23,0
1764425795.9518967,24,1
1764425795.985948,24,0
1764425795.9862776,25,1
1764425797.2728345,24,1
1764425797.2740853,25,0
1764425797.343936,23,1
1764425797.3459263,24,0
1764425797.9583454,23,0
1764425797.9606533,24,1
1764425798.0997715,24,0
1764425798.0999908,25,1
1764425802.3695536,24,1
1764425802.3706262,25,0
1764425945.8709834,23,1
1764425945.8715143,24,0
1764425950.3158085,23,0
1764425950.3162222,24,1
1764425953.911045,24,0
1764425953.9119568,25,1
1764425956.7992,24,1
1764425956.7993896,25,0
1764425956.9037771,23,1
1764425956.90429,24,0
1764426001.868274,23,0
1764426001.8685694,24,1
1764426003.115184,24,0
1764426003.117883,25,1
1764426003.8707201,24,1
1764426003.8713977,25,0
1764426004.9058151,23,1
1764426004.9063234,24,0
1764426005.6368716,23,0
1764426005.6380277,24,1
1764426006.811548,24,0
1764426006.8117614,25,1
1764426007.3273506,24,1
1764426007.3283875,25,0
1764426155.0488498,24,0
1764426155.049318,25,1
1764426155.8222847,24,1
1764426155.8227923,25,0
1764426155.9627197,23,1
1764426155.9631133,24,0
1764426156.8163264,23,0
1764426156.817533,24,1
1764426157.6934574,23,1
1764426157.6945646,24,0
1764426160.3047419,23,0
1764426160.305866,24,1
1764426161.1608655,24,0
1764426161.161616,25,1
1764426162.5579228,24,1
1764426162.5589416,25,0
1764426162.8752677,23,1
1764426162.8757913,24,0
1764426163.2911804,23,0
1764426163.29211,24,1
1764426163.5417426,24,0
1764426163.5420363,25,1
1764426164.2110882,24,1
1764426164.2121544,25,0
1764426164.2831907,23,1
1764426164.283388,24,0
1764426165.1391373,23,0
1764426165.1395047,24,1
1764426165.8251753,24,0
1764426165.8268914,25,1
1764426166.149359,24,1
1764426166.1507976,25,0
1764426166.1857095,23,1
1764426166.1859958,24,0
1764426171.5683966,23,0
1764426171.5691848,24,1
1764426183.9166071,23,1
1764426183.9198503,24,0
1764426185.3495376,23,0
1764426185.3510473,24,1
1764426187.3442945,23,1
1764426187.344456,24,0
1764426188.5066543,23,0
1764426188.5083616,24,1
1764426189.464669,0,1
1764426189.6375434,0,0
1764426521.0931444,24,0
1764426521.0936964,25,1
1764426522.1200137,24,1
1764426522.1210556,25,0
1764426522.50936,23,1
1764426522.5125244,24,0
1764426522.8418436,23,0
1764426522.842776,24,1
1764426523.6582372,24,0
1764426523.6600087,25,1
1764426524.139366,24,1
1764426524.1399846,25,0
1764426524.322444,23,1
1764426524.3229146,24,0
1764426667.7141228,23,0
1764426667.7158217,24,1
1764426668.2111464,24,0
1764426668.211684,25,1
1764426668.7762291,24,1
1764426668.7769375,25,0
1764426668.8144076,23,1
1764426668.8147821,24,0
1764426669.173116,23,0
1764426669.175027,24,1
1764426669.253872,24,0
1764426669.2543457,25,1
1764426670.6613817,24,1
1764426670.661779,25,0
1764426672.2102466,24,0
1764426672.2111528,25,1
1764426672.7004056,24,1
1764426672.7023754,25,0
1764426672.7409053,23,1
1764426672.7426875,24,0
1764426673.3730989,23,0
1764426673.3778832,24,1
1764426673.4500737,24,0
1764426673.460383,25,1
1764426673.927045,24,1
1764426673.9284089,25,0
1764426673.9711845,23,1
1764426673.9716868,24,0
1764426674.2964368,23,0
1764426674.298736,24,1
1764426674.3788812,24,0
1764426674.380451,25,1
1764426674.8159528,24,1
1764426674.8163526,25,0
1764426675.8398607,23,1
1764426675.8402128,24,0
1764426676.6945462,23,0
1764426676.695272,24,1
1764426677.4041479,24,0
1764426677.4048815,25,1
1764426678.105183,24,1
1764426678.105471,25,0
1764426678.1408918,23,1
1764426678.1411216,24,0
1764426937.0719163,23,0
1764426937.0733523,24,1
1764426937.5900948,24,0
1764426937.5906248,25,1
1764426938.1305711,24,1
1764426938.1313283,25,0
1764426938.1785471,23,1
1764426938.1851273,24,0
1764427387.1301796,23,0
1764427387.1316252,24,1
1764427387.1735883,24,0
1764427387.1743767,25,1
1764427387.6062489,24,1
1764427387.6065495,25,0
1764427388.1401126,24,0
1764427388.1407068,25,1
1764427388.5259762,24,1
1764427388.5263906,25,0
1764427388.5840738,23,1
1764427388.5851328,24,0
1764428114.9821012,23,0
1764428114.98376,24,1
1764428116.876344,33,1
1764428116.9130154,33,0
1764428118.8615816,23,1
1764428118.8628836,24,0
1764428194.3683126,23,0
1764428194.3692834,24,1
1764428195.1696813,24,0
1764428195.1701744,25,1
1764428196.7424512,24,1
1764428196.7430472,25,0
1764428196.850792,23,1
1764428196.8533468,24,0
1764429058.7758706,23,0
1764429058.7769086,24,1
1764429058.8526084,24,0
1764429058.852902,25,1
1764429059.7448123,24,1
1764429059.745765,25,0
1764429059.7935562,23,1
1764429059.7945178,24,0
1764429060.0743382,23,0
1764429060.074541,24,1
1764429061.5681703,23,1
1764429061.5697253,24,0
1764429062.8340802,23,0
1764429062.8348837,24,1
1764429063.0005999,24,0
1764429063.0012152,25,1
1764429063.9629102,24,1
1764429063.9633853,25,0
1764429064.005646,23,1
1764429064.0079026,24,0
1764429106.3803833,23,0
1764429106.3837023,24,1
1764429106.8361874,24,0
1764429106.8380613,25,1
1764429107.8213196,24,1
1764429107.8239293,25,0
1764429107.9263737,23,1
1764429107.9365323,24,0
1764429138.9471068,23,0
1764429138.948589,24,1
1764429140.4739215,24,0
1764429140.4746356,25,1
1764429142.816811,24,1
1764429142.8174767,25,0
1764429142.889784,23,1
1764429142.8899434,24,0
1764430725.6319087,23,0
1764430725.632246,24,1
1764430725.744412,24,0
1764430725.7445858,25,1
1764430726.2436008,24,1
1764430726.2440443,25,0
1764430726.7771912,23,1
1764430726.7777753,24,0
1764430957.0720742,23,0
1764430957.0722396,24,1
1764430958.8198304,23,1
1764430958.8199713,24,0
1764430959.1659563,23,0
1764430959.1661246,24,1
1764430960.3880334,0,1
1764430960.5889904,14,1
1764430961.9500833,14,0
1764430962.0335228,0,0
1764431714.6345696,24,0
1764431714.6348586,25,1
1764431715.427028,24,1
1764431715.4292977,25,0
1764431715.4730337,23,1
1764431715.4761581,24,0
1764431792.822668,23,0
1764431792.8228848,24,1
1764431794.1757061,24,0
1764431794.1768358,25,1
1764431799.917957,24,1
1764431799.9181,25,0
1764431800.075278,23,1
1764431800.076098,24,0
1764431800.565377,23,0
1764431800.5656753,24,1
1764431800.6450205,24,0
1764431800.6452608,25,1
1764431813.3341055,24,1
1764431813.335254,25,0
1764431815.8672984,23,1
1764431815.8682432,24,0
1764431817.21963,23,0
1764431817.2197986,24,1
1764431817.2951803,24,0
1764431817.295319,25,1
1764431819.2282133,24,1
1764431819.228914,25,0
1764431819.3429475,23,1
1764431819.3430958,24,0
1764433808.3071687,23,0
1764433808.3073084,24,1
1764433808.3805487,24,0
1764433808.3815732,25,1
1764433808.742684,24,1
1764433808.7433956,25,0
1764433808.963434,23,1
1764433808.9637716,24,0
1764434185.0999868,0,1
1764434185.3553104,0,0
1764434185.5384753,23,0
1764434185.5388467,24,1
1764434185.6480827,24,0
1764434185.6486611,25,1
1764434188.3964138,23,1
1764434188.397342,25,0
1764434188.839059,23,0
1764434188.8398075,24,1
1764434188.912961,24,0
1764434188.9131038,25,1
1764434190.3900323,0,1
1764434190.5360606,14,1
1764434190.5724514,14,0
1764434190.6446304,0,0
1764434191.009166,24,1
1764434191.0095391,25,0
1764434191.0460997,23,1
1764434191.046755,24,0
1764434227.3650446,23,0
1764434227.3656025,24,1
1764434228.7170274,24,0
1764434228.7174106,25,1
1764434229.2279675,24,1
1764434229.2284274,25,0
1764434229.3011124,23,1
1764434229.3025134,24,0
1764434230.6313703,23,0
1764434230.63158,24,1
1764434476.1531804,32,1
1764434476.19129,32,0
1764434580.7496011,24,0
1764434580.7503002,25,1
1764434581.9857585,24,1
1764434581.9863865,25,0
1764434582.5700896,23,1
1764434582.570394,24,0
1764434583.0016596,23,0
1764434583.001883,24,1
1764434584.0562336,24,0
1764434584.0571907,25,1
1764434584.747728,24,1
1764434584.7483873,25,0
1764434592.1154034,24,0
1764434592.1162663,25,1
1764434593.7707105,24,1
1764434593.771172,25,0
1764434593.8460574,23,1
1764434593.8463926,24,0
1764434594.4252336,23,0
1764434594.4267185,24,1
1764434594.9766839,24,0
1764434594.97691,25,1
1764434596.1380553,24,1
1764434596.138575,25,0
1764434596.2110348,23,1
1764434596.211432,24,0
1764434612.890818,23,0
1764434612.891158,24,1
1764434613.0028715,24,0
1764434613.0030103,25,1
1764434614.4233623,24,1
1764434614.4241076,25,0
1764434615.4406395,24,0
1764434615.4407756,25,1
1764434616.1318448,24,1
1764434616.1321185,25,0
1764434617.5091953,24,0
1764434617.5096502,25,1
1764434617.6924868,24,1
1764434617.6927495,25,0
1764434617.7667058,23,1
1764434617.7668443,24,0
1764434618.6796663,23,0
1764434618.6806614,24,1
1764434690.4864843,24,0
1764434690.4871058,25,1
1764434691.6701086,24,1
1764434691.6709344,25,0
1764434691.7810316,23,1
1764434691.7811723,24,0
1764434692.1868186,23,0
1764434692.1872768,24,1
1764434692.2598917,24,0
1764434692.2603838,25,1
1764434694.550581,24,1
1764434694.550868,25,0
1764434814.1656983,23,1
1764434814.1663013,24,0
1764434814.971211,23,0
1764434814.9714835,24,1
1764435163.0368814,24,0
1764435163.0370333,25,1
1764435281.5074127,24,1
1764435281.5083175,25,0
1764435281.5450583,23,1
1764435281.5455408,24,0
1764435636.104078,23,0
1764435636.1045659,24,1
1764435636.9941628,24,0
1764435636.994396,25,1
1764435637.4073606,24,1
1764435637.4081504,25,0
1764435637.4449363,23,1
1764435637.4477065,24,0
1764435637.704513,23,0
1764435637.7049818,24,1
1764435637.7417872,24,0
1764435637.7420645,25,1
1764435637.999866,24,1
1764435638.0012903,25,0
1764435638.038582,23,1
1764435638.0387173,24,0
1764435651.0440915,23,0
1764435651.0450392,24,1
1764435651.9823298,24,0
1764435651.9827478,25,1
1764435652.6719925,23,1
1764435652.6729221,25,0
1764435653.3831925,23,0
1764435653.3834388,24,1
1764435654.057096,24,0
1764435654.057277,25,1
1764435654.8766387,24,1
1764435654.876926,25,0
1764435655.0127208,23,1
1764435655.0128584,24,0
1764435655.646137,23,0
1764435655.6470542,24,1
1764435655.9812973,24,0
1764435655.9815543,25,1
1764435656.602104,23,1
1764435656.6022837,25,0
1764435657.1783104,23,0
1764435657.180564,24,1
1764435657.2229812,24,0
1764435657.2241764,25,1
1764435657.957326,24,1
1764435657.9583724,25,0
1764435658.035349,23,1
1764435658.0367281,24,0
1764435658.7041721,23,0
1764435658.7043092,24,1
1764435658.892728,24,0
1764435658.8928778,25,1
1764435659.9705243,24,1
1764435659.9706933,25,0
1764435660.0071633,23,1
1764435660.0073183,24,0
1764435660.6468723,23,0
1764435660.6471093,24,1
1764435661.3278234,23,1
1764435661.3284066,24,0
1764436797.8542025,23,0
1764447689.7811172,23,0
1764447689.7844787,24,1
1764447691.5686276,23,1
1764447691.5687833,24,0
1764447692.0721824,23,0
1764447692.0729005,24,1
1764447692.812435,23,1
1764447692.8127692,24,0
1764447693.148307,23,0
1764447693.1495833,24,1
1764447694.3999646,24,0
1764447694.400105,25,1
1764447695.138767,24,1
1764447695.1395187,25,0
1764447695.2405035,23,1
1764447695.2406375,24,0
1764447697.1262798,23,0
1764447697.1266088,24,1
1764447697.2275293,24,0
1764447697.2279253,25,1
1764447698.0381396,24,1
1764447698.0392041,25,0
1764447698.0735736,23,1
1764447698.0739336,24,0
1764447698.3763347,23,0
1764447698.3771179,24,1
1764447700.5335417,23,1
1764447700.533781,24,0
1764447700.8362515,23,0
1764447700.8363914,24,1
1764447700.9372108,24,0
1764447700.9376888,25,1
1764447701.716467,24,1
1764447701.717054,25,0
1764447702.0216167,23,1
1764447702.0223331,24,0
1764447702.3593838,23,0
1764447702.3614817,24,1
1764447702.7328684,24,0
1764447702.7334228,25,1
1764447703.439219,24,1
1764447703.439352,25,0
1764447703.4729817,23,1
1764447703.4732795,24,0
1764447704.347117,23,0
1764447704.3472822,24,1
1764447705.1228113,24,0
1764447705.123404,25,1
1764447707.1736643,24,1
1764447707.1738446,25,0
1764447707.714233,23,1
1764447707.7143762,24,0
1764447708.086182,23,0
1764447708.08634,24,1
1764447708.5239882,24,0
1764447708.5241225,25,1
1764447709.0280776,24,1
1764447709.0282176,25,0
1764447709.0955527,23,1
1764447709.0964668,24,0
1764447733.0572195,23,0
1764447733.0577714,24,1
1764447761.2000747,24,0
1764447761.2004063,25,1
1764447761.5713477,24,1
1764447761.5714817,25,0
1764447761.673022,23,1
1764447761.6731458,24,0
1764447762.8568523,23,0
1764447762.857627,24,1
1764447763.061277,24,0
1764447763.061858,25,1
1764447763.5681753,24,1
1764447763.5683105,25,0
1764447764.0408316,23,1
1764447764.0413113,24,0
1764447764.6154397,23,0
1764447764.6155944,24,1
1764447772.1697335,24,0
1764447772.1702144,25,1
1764447815.7350507,24,1
1764447815.7355576,25,0
1764447816.4470408,23,1
1764447816.4472818,24,0
1764447817.1224833,23,0
1764447817.123013,24,1
1764447817.259226,24,0
1764447817.2593546,25,1
1764447817.7689254,24,1
1764447817.7690759,25,0
1764447818.6479316,23,1
1764447818.6503854,24,0
1764447819.0917974,23,0
1764447819.094575,24,1
1764447819.468588,24,0
1764447819.4687243,25,1
1764447819.8400886,24,1
1764447819.8403382,25,0
1764447819.908054,23,1
1764447819.9088151,24,0
1764447820.4499571,23,0
1764447820.4505553,24,1
1764447820.485135,24,0
1764447820.486262,25,1
1764447821.1316166,23,1
1764447821.1335845,25,0
1764447821.6082077,23,0
1764447821.60837,24,1
1764447821.6423857,24,0
1764447821.6425219,25,1
1764447822.9285617,24,1
1764447822.9295816,25,0
1764447823.0006585,23,1
1764447823.0015738,24,0
1764447823.5089555,23,0
1764447823.5102148,24,1
1764447824.0188248,24,0
1764447824.0189645,25,1
1764447824.4580874,24,1
1764447824.4590447,25,0
1764447824.5270784,23,1
1764447824.5273058,24,0
1764447824.9681482,23,0
1764447824.9682841,24,1
1764447825.0359414,24,0
1764447825.0362592,25,1
1764447826.8970509,24,1
1764447826.8976328,25,0
1764447826.9327912,23,1
1764447826.933046,24,0
1764447827.4082136,23,0
1764447827.4083576,24,1
1764447828.0516896,24,0
1764447828.0518224,25,1
1764447828.390035,24,1
1764447828.390335,25,0
1764447828.4245,23,1
1764447828.42509,24,0
1764447845.6498804,23,0
1764447845.6503835,24,1
1764447847.1207733,24,0
1764447847.12091,25,1
1764447848.0489938,24,1
1764447848.0498233,25,0
1764447848.118436,23,1
1764447848.118578,24,0
1764447848.39008,23,0
1764447848.3902094,24,1
1764447849.6186533,24,0
1764447849.618879,25,1
1764447853.8855352,24,1
1764447853.8860219,25,0
1764448474.592469,24,0
1764448474.5930057,25,1
1764448475.935823,23,1
1764448475.9359887,25,0
1764449173.1458087,0,1
1764449174.1331615,0,0
1764449174.3674808,0,1
1764449174.5698664,0,0
1764449331.0508673,0,1
1764449331.1398685,0,0
1764449331.1422195,23,0
1764449331.143969,25,1
1764449331.4211962,24,1
1764449331.4216833,25,0
1764449331.4623277,23,1
1764449331.4633632,24,0
1764449332.0099125,23,0
1764449332.0113184,24,1
1764449332.2931929,23,1
1764449332.2936893,24,0
1764449934.675548,23,0
1764449934.6760223,24,1
1764449934.755731,24,0
1764449934.756285,25,1
1764449935.3450756,24,1
1764449935.346426,25,0
1764449935.387908,23,1
1764449935.3888412,24,0
1764449935.8261855,23,0
1764449935.826668,24,1
1764449936.3728514,24,0
1764449936.3731725,25,1
1764449936.7622168,24,1
1764449936.7627215,25,0
1764449936.8033104,23,1
1764449936.8047638,24,0
1764450073.0562646,23,0
1764450073.0568964,24,1
1764450073.6429975,23,1
1764450073.6451766,24,0
1764452698.434808,23,0
1764452698.435642,24,1
1764452698.4747372,24,0
1764452698.4751546,25,1
1764452699.365328,23,1
1764452699.3656228,25,0
1764452699.7147248,23,0
1764452699.7157645,24,1
1764452699.8389838,24,0
1764452699.8397763,25,1
1764452700.6744847,24,1
1764452700.6749995,25,0
1764452701.8569329,24,0
1764452701.8586187,25,1
1764452702.44791,24,1
1764452702.4483562,25,0
1764452702.5362647,23,1
1764452702.536735,24,0
1764452702.8684955,23,0
1764452702.8686247,24,1
1764452702.9413311,24,0
1764452702.9417582,25,1
1764452704.2837412,24,1
1764452704.2840002,25,0
1764452704.3219755,23,1
1764452704.322978,24,0
1764452704.7769747,23,0
1764452704.7774346,24,1
1764452704.8662446,24,0
1764452704.8680427,25,1
1764452705.3940809,24,1
1764452705.39588,25,0
1764452705.4358916,23,1
1764452705.4369168,24,0
1764452706.9094708,23,0
1764452706.9104433,24,1
1764452706.9499185,24,0
1764452706.9504719,25,1
1764452707.6201396,24,1
1764452707.6211925,25,0
1764452707.6811304,23,1
1764452707.6836367,24,0
1764452707.9244342,23,0
1764452707.9251468,24,1
1764452708.000589,24,0
1764452708.000986,25,1
1764452708.2731411,23,1
1764452708.274054,25,0
1764452708.5172544,23,0
1764452708.5175102,24,1
1764452708.5534616,24,0
1764452708.5537732,25,1
1764452709.0971465,23,1
1764452709.1005588,25,0
1764453706.8695428,23,0
1764453706.8699605,24,1
1764456532.3412561,24,0
1764456532.3451285,25,1
1764456532.8180099,24,1
1764456532.8182912,25,0
1764456532.954238,23,1
1764456532.9550316,24,0
1764456561.223601,23,0
1764456561.2241094,24,1
1764456561.2587264,24,0
1764456561.2590108,25,1
1764456608.1575031,24,1
1764456608.1580255,25,0
1764456608.2613616,23,1
1764456608.2627988,24,0
1764456743.8701427,23,0
1764456743.8707294,24,1
1764456743.9740608,24,0
1764456743.9748917,25,1
1764457366.932689,24,1
1764457366.9384043,25,0
1764457366.986535,23,1
1764457366.987568,24,0
1764457975.0956342,23,0
1764457975.096154,25,1
1764457976.0080466,23,1
1764457976.0085423,25,0
1764457976.5687027,23,0
1764457976.569217,24,1
1764457976.6102078,24,0
1764457976.6111825,25,1
1764457977.1093748,23,1
1764457977.1099281,25,0
1764457977.5088289,23,0
1764457977.5092888,24,1
1764457977.8932493,24,0
1764457977.8942552,25,1
1764457978.816204,23,1
1764457978.8172255,25,0
1764457979.2071993,23,0
1764457979.207992,24,1
1764457979.2551255,24,0
1764457979.2571049,25,1
1764457980.431727,24,1
1764457980.4322422,25,0
1764457980.4762895,23,1
1764457980.476877,24,0
1764459410.9130075,23,0
1764459410.9152813,24,1
1764459411.0389829,24,0
1764459411.0392458,25,1
1764459411.6057599,24,1
1764459411.6063163,25,0
1764459412.1032941,23,1
1764459412.1071122,24,0
1764459897.7442968,23,0
1764459897.7448,24,1
1764459897.784303,24,0
1764459897.78479,25,1
1764459898.1121466,24,1
1764459898.11277,25,0
1764459898.161799,23,1
1764459898.1627853,24,0
1764460619.4126434,23,0
1764512973.010346,23,1
1764512976.4803348,23,0
1764512976.4812894,24,1
1764512980.9840105,24,0
1764512980.9845006,25,1
1764513349.3928835,24,1
1764513349.3934946,25,0
1764513349.4295313,23,1
1764513349.4308536,24,0
1764531209.629737,23,0
1764531209.63194,24,1
1764531210.541408,24,0
1764531210.541896,25,1
1764531211.316889,24,1
1764531211.3173459,25,0
1764531211.38518,23,1
1764531211.3858006,24,0
1764531212.161336,23,0
1764531212.1619322,24,1
1764531215.1842372,33,1
1764531215.2185543,33,0
1764531782.546892,24,0
1764531782.547368,25,1
1764531784.6907365,24,1
1764531784.6911962,25,0
1764531784.83825,23,1
1764531784.839745,24,0
1764531785.2814167,23,0
1764531785.2819474,24,1
1764531785.3949165,24,0
1764531785.3954043,25,1
1764531785.6520538,24,1
1764531785.652864,25,0
1764531785.6903553,23,1
1764531785.6910393,24,0
1764531847.8888702,23,0
1764531847.8897734,24,1
1764531848.7004242,24,0
1764531848.7009525,25,1
1764531849.1414974,24,1
1764531849.1419625,25,0
1764531849.176193,23,1
1764531849.1766355,24,0
1764531854.7393868,23,0
1764531854.739555,24,1
1764531854.8455675,24,0
1764531854.8457038,25,1
1764531856.2047362,24,1
1764531856.2051823,25,0
1764531856.3419487,23,1
1764531856.3426547,24,0
1764531856.7157905,23,0
1764531856.716252,24,1
1764531856.853821,24,0
1764531856.855851,25,1
1764531857.2658195,24,1
1764531857.2662551,25,0
1764531857.4038508,23,1
1764531857.4043076,24,0
1764531858.1570718,23,0
1764531858.1579843,24,1
1764531858.3643959,24,0
1764531858.3650284,25,1
1764531869.008551,24,1
1764531869.0091794,25,0
1764531869.0436728,23,1
1764531869.0440853,24,0
1764531869.523137,23,0
1764531869.523662,24,1
1764531869.799596,24,0
1764531869.8001285,25,1
1764531870.2090542,24,1
1764531870.2120562,25,0
1764531870.2874494,23,1
1764531870.2879422,24,0
1764531870.668826,23,0
1764531870.6692684,24,1
1764531870.7388754,24,0
1764531870.739305,25,1
1764531871.0122435,24,1
1764531871.0128598,25,0
1764531871.0819736,23,1
1764531871.082605,24,0
1764531871.4587169,23,0
1764531871.459365,24,1
1764531871.597785,24,0
1764531871.598603,25,1
1764531871.7371175,24,1
1764531871.7376015,25,0
1764531871.8141472,23,1
1764531871.8149822,24,0
1764531872.433926,23,0
1764531872.4343715,24,1
1764531872.740174,24,0
1764531872.7425966,25,1
1764531873.1527667,24,1
1764531873.153202,25,0
1764531873.2551887,23,1
1764531873.2560313,24,0
1764531873.771896,23,0
1764531873.7723632,24,1
1764531873.8412323,24,0
1764531873.8432074,25,1
1764531874.259749,24,1
1764531874.2602043,25,0
1764531874.3292384,23,1
1764531874.3310308,24,0
1764531874.7420056,23,0
1764531874.7427816,24,1
1764531874.8454142,24,0
1764531874.8459191,25,1
1764531875.3266582,24,1
1764531875.3276446,25,0
1764531875.4649441,23,1
1764531875.465385,24,0
1764531875.947898,23,0
1764531875.9485502,24,1
1764531876.1553433,24,0
1764531876.1567793,25,1
1764531876.5701408,24,1
1764531876.5707023,25,0
1764531887.643951,24,0
1764531887.645609,25,1
1764531887.9855874,24,1
1764531887.98605,25,0
1764531888.088849,23,1
1764531888.0889952,24,0
1764531888.4953213,23,0
1764531888.4958122,24,1
1764531888.767435,23,1
1764531888.7679868,24,0
1764531894.075674,23,0
1764531894.076447,24,1
1764531895.7687404,24,0
1764531895.7691987,25,1
1764531896.4780931,24,1
1764531896.4785817,25,0
1764531896.5130484,23,1
1764531896.5141714,24,0
1764531900.9715595,23,0
1764531900.9719968,24,1
1764531901.7846634,24,0
1764531901.7851076,25,1
1764531902.4630916,24,1
1764531902.463617,25,0
1764531902.5315564,23,1
1764531902.5319982,24,0
1764531902.9704227,23,0
1764531902.9712915,24,1
1764531903.1084454,24,0
1764531903.1131277,25,1
1764531903.5248215,23,1
1764531903.525239,25,0
1764531903.7956548,23,0
1764531903.7961504,24,1
1764531903.8641477,24,0
1764531903.8646395,25,1
1764531904.2060575,23,1
1764531904.2065835,25,0
1764531904.4784324,23,0
1764531904.4800856,24,1
1764531904.752373,23,1
1764531904.7528586,24,0
1764531945.526431,23,0
1764531945.5272145,24,1
1764531946.575584,24,0
1764531946.5757387,25,1
1764531947.9255881,24,1
1764531947.9260511,25,0
1764531947.9939084,23,1
1764531947.9944763,24,0
1764531949.2792382,23,0
1764531949.280714,24,1
1764531954.925406,24,0
1764531954.9260385,25,1
1764531960.6267588,24,1
1764531960.6275015,25,0
1764531961.0984044,23,1
1764531961.0989003,24,0
1764531961.6055796,23,0
1764531961.6060586,24,1
1764531962.1801853,24,0
1764531962.1806507,25,1
1764531962.619634,24,1
1764531962.6200657,25,0
1764531962.6877365,23,1
1764531962.6881669,24,0
1764531963.0613754,23,0
1764531963.062025,24,1
1764531963.0960891,24,0
1764531963.0971878,25,1
1764531963.4357471,24,1
1764531963.4362369,25,0
1764531963.5039787,23,1
1764531963.5044386,24,0
1764531963.77476,23,0
1764531963.7752063,24,1
1764531965.5631251,24,0
1764531973.39168,23,1
1764531973.3924358,24,0
1764531973.7634006,23,0
1764531973.7636383,24,1
1764531973.8643975,24,0
1764531973.8645613,25,1
1764531974.9803972,24,1
1764531974.9808805,25,0
1764531975.587917,23,1
1764531975.5883572,24,0
1764531976.0614297,23,0
1764531976.0619135,24,1
1764531991.910919,24,0
1764531991.9114056,25,1
1764531992.521413,24,1
1764531992.5218763,25,0
1764531992.6236196,23,1
1764531992.6240523,24,0
1764531993.336607,23,0
1764531993.337067,24,1
1764531993.92113,24,0
1764531993.9218266,25,1
1764531994.8337996,24,1
1764531994.8342488,25,0
1764531994.868456,23,1
1764531994.8689313,24,0
1764532432.2758386,33,1
1764532432.3109102,33,0
1764532434.4582832,23,0
1764532434.460378,24,1
1764532434.4983237,24,0
1764532434.501636,25,1
1764532435.2136292,24,1
1764532435.2138052,25,0
1764532435.249155,23,1
1764532435.2496774,24,0
1764798099.676456,23,0
1764798099.680038,24,1
1764798100.4017487,24,0
1764798100.4019468,25,1
1764798101.822099,24,1
1764798101.8239012,25,0
1764798102.396572,23,1
1764798102.3978934,24,0
1764798102.9367673,23,0
1764798102.9369044,24,1
1764798103.2073035,24,0
1764798103.207464,25,1
1764798104.6572454,24,1
1764798104.657393,25,0
1764798105.4349682,23,1
1764798105.4353771,24,0
1764798183.8500972,23,0
1764798183.8507617,24,1
1764798184.3244972,24,0
1764798184.3247304,25,1
1764798184.830011,24,1
1764798184.8303523,25,0
1764798184.931993,23,1
1764798184.9321253,24,0
1764798185.5727487,23,0
1764798185.5732036,24,1
1764798185.6757114,24,0
1764798185.6764607,25,1
1764798186.0136752,24,1
1764798186.014354,25,0
1764798186.082242,23,1
1764798186.082404,24,0
1764798199.3575897,23,0
1764798199.3578806,24,1
1764798200.4336617,24,0
1764798200.4342968,25,1
1764798201.610237,24,1
1764798201.6110618,25,0
1764798202.1145084,23,1
1764798202.1153088,24,0
1764798203.2229908,23,0
1764798203.2231374,24,1
1764798203.3576121,24,0
1764798203.3584545,25,1
1764798204.5706346,24,1
1764798204.5718133,25,0
1764798204.640489,23,1
1764798204.6407452,24,0
1764798205.077337,23,0
1764798205.0774693,24,1
1764798205.1487296,24,0
1764798205.1488786,25,1
1764798205.4842758,24,1
1764798205.4845119,25,0
1764798205.551872,23,1
1764798205.552572,24,0
1764798206.2582595,23,0
1764798206.2586088,24,1
1764798206.3601365,24,0
1764798206.3602924,25,1
1764798206.6292605,24,1
1764798206.6293995,25,0
1764798206.6632717,23,1
1764798206.663405,24,0
1764798222.2654097,23,0
1764798222.2669475,24,1
1764798222.3686783,24,0
1764798222.369388,25,1
1764798222.874314,24,1
1764798222.8744712,25,0
1764798223.549956,23,1
1764798223.5511982,24,0
1764798361.2333012,23,0
1764798361.2348666,24,1
1764798369.1722453,23,1
1764798369.1724484,24,0
1764798370.2507837,23,0
1764798370.25396,24,1
1764798371.3282337,24,0
1764798371.3283658,25,1
1764798372.0374827,24,1
1764798372.0376484,25,0
1764798372.0712335,23,1
1764798372.0713615,24,0
1764798373.4224408,23,0
1764798373.4230337,24,1
1764798373.524663,24,0
1764798373.5253901,25,1
1764798373.8957593,24,1
1764798373.895897,25,0
1764798373.9967778,23,1
1764798373.996904,24,0
1764798374.9470346,23,0
1764798374.9474432,24,1
1764798375.0146737,24,0
1764798375.0150166,25,1
1764798387.108578,24,1
1764798387.1092527,25,0
1764798392.4275436,23,0
1764798392.4277506,24,1
1764798393.2353554,24,0
1764798393.2355008,25,1
1764798394.1431155,24,1
1764798394.1439674,25,0
1764798394.2122304,23,1
1764798394.2123652,24,0
1764798395.2628303,23,0
1764798395.2634614,24,1
1764798395.4330187,24,0
1764798395.4331884,25,1
1764798395.9082983,24,1
1764798395.9084456,25,0
1764798395.9754877,23,1
1764798395.9758081,24,0
1764798396.5804336,23,0
1764798396.5823033,24,1
1764798396.6834047,24,0
1764798396.6843297,25,1
1764798397.1907098,24,1
1764798397.190958,25,0
1764798397.2917433,23,1
1764798397.291974,24,0
1764798398.2018497,23,0
1764798398.2022734,24,1
1764798398.8796413,24,0
1764798398.8814309,25,1
1764798399.7230217,24,1
1764798399.7239516,25,0
1764798399.792116,23,1
1764798399.7923927,24,0
1764798400.3652399,23,0
1764798400.3673484,24,1
1764798401.9500687,24,0
1764798401.9502838,25,1
1764798402.557047,24,1
1764798402.557223,25,0
1764798402.6260026,23,1
1764798402.626609,24,0
1764798403.803615,23,0
1764798403.8037531,24,1
1764798403.9726853,24,0
1764798403.972822,25,1
1764798404.5795138,24,1
1764798404.5798845,25,0
1764798404.7161818,23,1
1764798404.71741,24,0
1764798405.1908407,23,0
1764798405.1910071,24,1
1764798405.3265848,24,0
1764798405.3267474,25,1
1764798409.7328176,24,1
1764798409.7329743,25,0
1764798410.1415157,23,1
1764798410.141682,24,0
1764798411.0527887,23,0
1764798411.0529585,24,1
1764798411.829376,24,0
1764798411.8296525,25,1
1764798412.2030866,24,1
1764798412.203991,25,0
1764798412.2740028,23,1
1764798412.2762325,24,0
1764798448.9606383,23,0
1764798448.961409,24,1
1764798451.0713923,7,1
1764798451.3111424,7,0
1764798451.720148,7,1
1764798451.8564255,7,0
1764798452.9761431,24,0
1764798452.9767845,25,1
1764798453.4615734,24,1
1764798453.4627476,25,0
1764798453.4968545,23,1
1764798453.49739,24,0
1764798504.4098153,23,0
1764798504.4109805,24,1
1764798505.0220678,24,0
1764798505.0230293,25,1
1764798506.5168464,24,1
1764798506.51805,25,0
1764798507.5685804,23,1
1764798507.569414,24,0
1764798508.820897,23,0
1764798508.8211231,24,1
1764798508.888522,24,0
1764798508.8886518,25,1
1764798509.4642947,24,1
1764798509.4650095,25,0
1764798509.4993968,23,1
1764798509.500256,24,0
1764798510.515424,23,0
1764798510.515935,24,1
1764798510.6174066,24,0
1764798510.6184685,25,1
1764798517.6302373,24,1
1764798517.6320803,25,0
1764798518.337265,23,1
1764798518.3374243,24,0
1764798518.9772348,23,0
1764798518.9779027,24,1
1764798519.1134133,24,0
1764798519.1140232,25,1
1764798519.6193144,24,1
1764798519.6200058,25,0
1764798519.6876545,23,1
1764798519.6877797,24,0
1764798520.3932967,23,0
1764798520.3939137,24,1
1764798520.562714,24,0
1764798520.5628543,25,1
1764798520.9346762,24,1
1764798520.9354115,25,0
1764798521.103036,23,1
1764798521.1032073,24,0
1764798521.9452744,23,0
1764798521.9454174,24,1
1764798522.0460875,24,0
1764798522.046513,25,1
1764798529.9879055,24,1
1764798529.988052,25,0
1764798535.1734166,23,1
1764798535.174501,24,0
1764798536.317371,23,0
1764798536.317523,24,1
1764798537.6936157,24,0
1764798537.6937635,25,1
1764798539.1025732,24,1
1764798539.10332,25,0
1764798539.809713,23,1
1764798539.8112094,24,0
1764798540.718141,23,0
1764798540.7189345,24,1
1764798540.8203833,24,0
1764798540.82151,25,1
1764798542.4348328,16,1
1764798542.4699435,16,0
1764798543.2118173,24,1
1764798543.211985,25,0
1764798543.8179374,23,1
1764798543.818709,24,0
1764798545.132392,23,0
1764798545.1337116,24,1
1764798545.6719177,24,0
1764798545.672625,25,1
1764798546.614366,24,1
1764798546.6145968,25,0
1764798546.6823485,23,1
1764798546.6830308,24,0
1764798628.0854259,23,0
1764798628.0861259,24,1
1764798629.8684878,24,0
1764798629.8686311,25,1
1764798630.8125346,24,1
1764798630.8132894,25,0
1764798631.0837092,23,1
1764798631.0838635,24,0
1764798631.6545382,23,0
1764798631.6549268,24,1
1764798632.0598526,24,0
1764798632.059998,25,1
1764798632.496233,24,1
1764798632.4963984,25,0
1764798632.563579,23,1
1764798632.5643625,24,0
1764798943.831087,23,0
1764798943.831935,24,1
1764798944.174747,23,1
1764798944.1752913,24,0
1764798944.586669,23,0
1764798944.5872324,24,1
1764798944.6558745,24,0
1764798944.6564755,25,1
1764798945.27668,24,1
1764798945.278633,25,0
1764798945.417373,23,1
1764798945.4175143,24,0
1764800917.2873032,23,1
1764800918.4866195,23,0
1764800918.4873347,24,1
1764800919.6943648,24,0
1764800919.6948893,25,1
1764800920.7930465,24,1
1764800920.7940075,25,0
1764800920.8638139,23,1
1764800920.8653493,24,0
1764800921.3767083,23,0
1764800921.377874,24,1
1764800922.600328,23,1
1764800922.601474,24,0
1764800923.4399846,23,0
1764800923.4419646,24,1
1764800923.5539105,24,0
1764800923.560049,25,1
1764800924.1042047,24,1
1764800924.1045163,25,0
1764800924.1723554,23,1
1764800924.1727097,24,0
1764800951.7747617,23,0
1764800951.7758856,24,1
1764800952.2484124,24,0
1764800952.2485466,25,1
1764800952.9924483,24,1
1764800952.9934363,25,0
1764800953.4362583,23,1
1764800953.4371345,24,0
1764800956.890061,23,0
1764800956.8904154,24,1
1764800956.9577436,24,0
1764800956.95787,25,1
1764800965.6228595,24,1
1764800965.6234097,25,0
1764800966.4068851,23,1
1764800966.4074004,24,0
1764800966.9186468,23,0
1764800966.9189987,24,1
1764800967.053775,24,0
1764800967.0541103,25,1
1764800973.7933006,24,1
1764800973.7938092,25,0
1764800974.7666397,23,1
1764800974.7682447,24,0
1764800975.5042732,23,0
1764800975.5047119,24,1
1764800976.2174048,24,0
1764800976.2198272,25,1
1764800987.3214397,24,1
1764800987.3228567,25,0
1764800987.4065425,23,1
1764800987.4107108,24,0
1764800988.2171087,23,0
1764800988.2182796,24,1
1764800989.9370782,24,0
1764800989.938191,25,1
1764800990.989227,24,1
1764800990.9909685,25,0
1764800991.1273906,23,1
1764800991.1281216,24,0
1764800992.1240747,23,0
1764800992.1256392,24,1
1764800992.7117896,24,0
1764800992.7139053,25,1
1764800993.3279,24,1
1764800993.3280926,25,0
1764800993.4980648,23,1
1764800993.500227,24,0
1764800994.1235092,23,0
1764800994.123969,24,1
1764800994.1925988,24,0
1764800994.1943347,25,1
1764800994.6187289,24,1
1764800994.6223373,25,0
1764800994.7253354,23,1
1764800994.7254653,24,0
1764801093.4675682,23,0
1765470455.1730056,23,1
1765470456.859418,23,0
1765470456.8599987,24,1
1765470483.0353022,23,1
1765470483.0358431,24,0
1765470483.4130769,23,0
1765470483.4135885,24,1
1765470484.905782,24,0
1765470484.908482,25,1
1765470485.6579506,24,1
1765470485.6584506,25,0
1765470485.794846,23,1
1765470485.795449,24,0
1765470486.438946,23,0
1765470486.4396057,24,1
1765470487.551472,24,0
1765470487.5518465,25,1
1765470489.174974,24,1
1765470489.17517,25,0
1765470489.2423716,23,1
1765470489.2433326,24,0
1765470489.9517686,23,0
1765470489.9524875,24,1
1765470492.5272818,24,0
1765470492.527826,25,1
1765470493.6110976,24,1
1765470493.611322,25,0
1765470493.7463362,23,1
1765470493.7466786,24,0
1765470494.662035,23,0
1765470494.6631143,24,1
1765470494.7662425,24,0
1765470494.7667172,25,1
1765470495.821228,24,1
1765470495.8217309,25,0
1765470495.9954813,23,1
1765470495.995993,24,0
1765470496.6370606,23,0
1765470496.6388967,24,1
1765470498.4714994,23,1
1765470498.4720228,24,0
1765470519.989315,23,0
1765470519.989559,24,1
1765470521.0816038,24,0
1765470521.0820289,25,1
1765470522.6809964,24,1
1765470522.682452,25,0
1765470523.2961166,23,1
1765470523.2971194,24,0
1765470523.979951,23,0
1765470523.9804344,24,1
1765470524.6993225,24,0
1765470524.7005458,25,1
1765470525.550435,24,1
1765470525.5516675,25,0
1765470525.6865299,23,1
1765470525.6868808,24,0
1765470526.2987573,23,0
1765470526.3011422,24,1
1765470527.3591044,24,0
1765470527.3603392,25,1
1765470527.7010157,24,1
1765470527.7014964,25,0
1765470527.7701414,23,1
1765470527.7706556,24,0
1765470554.4078004,23,0
1765470554.408266,24,1
1765470556.2335513,24,0
1765470556.234056,25,1
1765470590.6944866,24,1
1765470590.6950998,25,0
1765470591.1133955,23,1
1765470591.1139202,24,0
1765470602.6919158,23,0
1765470602.6935968,24,1
1765470603.9247491,24,0
1765470603.9251914,25,1
1765470604.4757006,24,1
1765470604.4761882,25,0
1765470604.5115721,23,1
1765470604.5120523,24,0
1765470765.2541776,23,0
1765470765.2560022,24,1
1765470765.8405502,24,0
1765470765.8420827,25,1
1765470766.1644943,24,1
1765470766.165737,25,0
1765470766.2019727,23,1
1765470766.202461,24,0
1765573923.5078747,23,1
1765573940.8315563,23,0
1765574092.8867805,23,0
1765574092.8879912,24,1
1765574093.8065996,24,0
1765574093.8083613,25,1
1765574094.6917284,24,1
1765574094.6941054,25,0
1765574094.9325917,23,1
1765574094.932923,24,0
1765574104.8195713,23,0
1765574104.8208501,24,1
1765574105.4665766,23,1
1765574105.4668396,24,0
1765574105.8061864,23,0
1765574105.8069992,24,1
1765574111.7169528,24,0
1765574111.7171957,25,1
1765574112.6038766,24,1
1765574112.6057134,25,0
1765574112.8439078,23,1
1765574112.8441882,24,0
1765574126.343637,23,1
1765574127.5956006,23,0
1765574127.597089,24,1
1765574130.0549304,24,0
1765574130.0563533,25,1
1765574130.631819,24,1
1765574130.63246,25,0
1765574130.8059452,23,1
1765574130.8061101,24,0
1765574131.5914245,23,0
1765574131.5915916,24,1
1765574131.7279744,24,0
1765574131.7290602,25,1
1765574132.1731746,24,1
1765574132.1744766,25,0
1765574155.8440537,24,1
1765574157.5377455,23,1
1765574157.5379388,24,0
1765574158.2507732,23,0
1765574158.2519188,24,1
1765574162.958241,24,0
1765574162.9584084,25,1
1765574163.5016499,24,1
1765574163.502808,25,0
1765574169.1484478,24,0
1765574169.149006,25,1
1765574170.2697976,24,1
1765574170.271004,25,0
1765574170.3731854,23,1
1765574170.373733,24,0
1765574171.286006,23,0
1765574171.2861512,24,1
1765574173.492249,24,0
1765574173.4938219,25,1
1765574174.7109718,24,1
1765574174.7118685,25,0
1765574175.121845,23,1
1765574175.1226277,24,0
1765574184.5869975,23,0
1765574184.5909948,24,1
1765574186.3888006,24,0
1765574186.3906245,25,1
1765574187.5389097,24,1
1765574187.5399432,25,0
1765574188.894169,24,0
1765574188.894324,25,1
1765574189.7079198,24,1
1765574189.7081378,25,0
1765574189.8436685,23,1
1765574189.8445938,24,0
1765574190.9350944,23,0
1765574190.9365978,24,1
1765574191.9538434,23,1
1765574191.9540014,24,0
1765574192.7379818,23,0
1765574192.7390902,24,1
1765574203.990187,24,0
1765574203.9920907,25,1
1765574204.8136873,24,1
1765574204.8148127,25,0
1765574205.7035487,23,1
1765574205.705843,24,0
1765574207.7896795,23,0
1765574207.7898624,24,1
1765574213.6365182,24,0
1765574213.6404207,25,1
1765574214.3236928,24,1
1765574214.3238351,25,0
1765574215.8320043,24,0
1765574215.833872,25,1
1765574218.8741937,24,1
1765574218.8743405,25,0
1765574218.9417107,23,1
1765574218.9427056,24,0
1765574219.699032,23,0
1765574219.6991956,24,1
1765574221.0030694,23,1
1765574221.003225,24,0
1765574222.9954762,23,0
1765574222.9956248,24,1
1765574231.2973948,24,0
1765574231.2979045,25,1
1765574231.9207435,24,1
1765574231.927922,25,0
1765574232.200837,23,1
1765574232.2020595,24,0
1765574232.6910956,23,0
1765574232.6921098,24,1
1765574305.8838556,24,0
1765574305.887787,25,1
1765574306.3751228,24,1
1765574306.3762722,25,0
1765574306.9026372,23,1
1765574306.902791,24,0
1765574307.4865882,23,0
1765574307.48685,24,1
1765574341.0708234,24,0
1765574341.073954,25,1
1765574344.6085172,24,1
1765574344.6099408,25,0
1765574345.4072475,23,1
1765574345.4095783,24,0
1765574345.752819,23,0
1765574345.7545245,24,1
1765574360.9570262,24,0
1765574360.9574254,25,1
1765574362.4903326,24,1
1765574362.4926138,25,0
1765574363.0901775,24,0
1765574363.0916505,25,1
1765574367.2400904,24,1
1765574367.2418318,25,0
1765574367.3458211,23,1
1765574367.3462682,24,0
1765574367.9443226,23,0
1765574367.9444873,24,1
1765574368.084391,24,0
1765574368.0867505,25,1
1765574378.1613424,24,1
1765574378.1619172,25,0
1765574378.200704,23,1
1765574378.2008514,24,0
1765574381.355123,23,0
1765574381.35659,24,1
1765574382.587138,24,0
1765574382.5872836,25,1
1765574383.2921517,24,1
1765574383.2929587,25,0
1765574385.1406639,24,0
1765574385.141014,25,1
1765574387.553941,24,1
1765574387.555397,25,0
1765574388.5411153,23,1
1765574388.5425775,24,0
1765574516.135046,23,0
1765574516.1352468,24,1
1765574517.2348616,24,0
1765574517.2370796,25,1
1765574525.0040302,24,1
1765574525.004177,25,0
1765574525.569507,24,0
1765574525.5708678,25,1
1765574526.3801997,24,1
1765574526.3803587,25,0
1765574526.5560055,23,1
1765574526.556182,24,0
1765574527.0850153,23,0
1765574527.0864296,24,1
1765574527.1561975,24,0
1765574527.1579313,25,1
1765574528.3580918,24,1
1765574528.3590076,25,0
1765574528.468243,23,1
1765574528.4698431,24,0
1765574528.8579926,23,0
1765574528.859567,24,1
1765574530.2664442,24,0
1765574530.2680821,25,1
1765574532.6958303,24,1
1765574532.6996765,25,0
1765574532.9471488,23,1
1765574532.9480612,24,0
1765574533.3065085,23,0
1765574533.307203,24,1
1765574533.4118288,24,0
1765574533.4132974,25,1
1765574533.8356247,24,1
1765574533.8369102,25,0
1765574533.8729818,23,1
1765574533.8748233,24,0
1765574535.1612287,23,0
1765574535.1668694,24,1
1765574535.5219653,24,0
1765574535.5244975,25,1
1765574538.324358,16,1
1765574538.360567,16,0
1765574547.3141646,24,1
1765574547.3143325,25,0
1765574547.350557,23,1
1765574547.351576,24,0
1765574548.4795384,23,0
1765574548.4797046,24,1
1765574548.5176022,24,0
1765574548.517761,25,1
1765574552.202971,24,1
1765574552.2046106,25,0
1765574552.312751,23,1
1765574552.3130643,24,0
1765574552.9158602,23,0
1765574552.9187446,24,1
1765574552.9920366,24,0
1765574552.9921892,25,1
1765574566.9336772,24,1
1765574566.9347994,25,0
1765574566.9724467,23,1
1765574566.9743228,24,0
1765574567.7585511,23,0
1765574567.760419,24,1
1765574584.2894185,24,0
1765574584.2939436,25,1
1765574585.139289,24,1
1765574585.139442,25,0
1765574585.5577426,23,1
1765574585.560146,24,0
1765574586.0542717,23,0
1765574586.0544183,24,1
1765574586.830809,24,0
1765574586.8344367,25,1
1765574587.4058306,24,1
1765574587.4073746,25,0
1765574590.5626605,23,1
1765574590.5659735,24,0
1765574591.603721,23,0
1765574591.6046789,24,1
1765574591.747154,24,0
1765574591.74731,25,1
1765574592.5328937,24,1
1765574592.533067,25,0
1765574593.289667,23,1
1765574593.2910397,24,0
1765574593.6465297,23,0
1765574593.6497853,24,1
1765574595.3811383,24,0
1765574595.3819766,25,1
1765574596.1609035,24,1
1765574596.1610565,25,0
1765574599.558571,24,0
1765574599.5624194,25,1
1765574602.9723077,24,1
1765574602.9724598,25,0
1765574603.6135175,24,0
1765574603.6136985,25,1
1765574604.0839937,24,1
1765574604.0841355,25,0
1765574604.8647158,23,1
1765574604.8648667,24,0
1765574605.2890291,23,0
1765574605.291424,24,1
1765574606.4357262,23,1
1765574606.4376283,24,0
1765574606.7961438,23,0
1765574606.7967677,24,1
1765574606.9802675,24,0
1765574606.9830484,25,1
1765574607.5541885,24,1
1765574607.5552015,25,0
1765574610.6664977,24,0
1765574610.6680722,25,1
1765574611.1030502,24,1
1765574611.1036606,25,0
1765574642.0798194,24,0
1765574642.0827599,25,1
1765574645.9511738,24,1
1765574645.9513266,25,0
1765574646.9145195,23,1
1765574646.917073,24,0
1765574648.0303216,23,0
1765574648.0333126,24,1
1765574649.3196335,24,0
1765574649.3214996,25,1
1765574650.2952142,24,1
1765574650.2953773,25,0
1765574651.3648093,24,0
1765574651.3667371,25,1
1765574652.8071952,24,1
1765574652.8083227,25,0
1765574652.9161625,23,1
1765574652.916319,24,0
1765574654.802409,23,0
1765574654.8035808,24,1
1765574672.6677136,24,0
1765574672.669228,25,1
1765574673.5891008,24,1
1765574673.58925,25,0
1765574977.455026,24,0
1765574977.4563522,25,1
1765574978.2737596,24,1
1765574978.2748656,25,0
1765574978.347832,23,1
1765574978.3495467,24,0
1765574978.8353696,23,0
1765574978.835687,24,1
1765575081.4900246,24,0
1765575081.4902575,25,1
1765575081.8974,24,1
1765575081.897784,25,0
1765575081.9997256,23,1
1765575082.000811,24,0
1765575082.5485737,23,0
1765575082.5492446,24,1
1765575939.2905576,23,1
1765575939.2916608,24,0
1765575939.907253,23,0
1765575939.9091718,24,1
1765575940.7905278,23,1
1765575940.79111,24,0
1765575941.578625,23,0
1765575941.5805774,24,1
1765575955.8996432,24,0
1765575955.9037068,25,1
1765575956.5829694,24,1
1765575956.5836513,25,0
1765575956.6514845,23,1
1765575956.6516306,24,0
1765575956.955266,23,0
1765575956.9554238,24,1
1765575982.4353137,23,0
1765575982.4370658,25,1
1765575993.7273726,24,1
1765575993.7305706,25,0
1765575994.544941,23,1
1765575994.5455995,24,0
1765576001.0623248,23,0
1765576001.0646448,24,1
1765576001.3385012,24,0
1765576001.3390505,25,1
1765576003.4803557,24,1
1765576003.4843688,25,0
1765576011.3744187,24,0
1765576011.3750746,25,1
1765576013.1764078,24,1
1765576013.1768785,25,0
1765576013.7181077,23,1
1765576013.718688,24,0
1765576014.3034284,23,0
1765576014.3039608,24,1
1765576014.6123297,24,0
1765576014.6129434,25,1
1765576019.9980857,24,1
1765576019.9996743,25,0
1765576218.9909232,24,0
1765576218.9910808,25,1
1765576219.685905,24,1
1765576219.6862984,25,0
1765576381.8301091,24,0
1765576381.8307574,25,1
1765576382.460595,24,1
1765576382.4630797,25,0
1765576422.3551972,24,0
1765576422.3556182,25,1
1765576423.0935445,24,1
1765576423.0950482,25,0
1765576423.4307728,23,1
1765576423.432222,24,0
1765576424.3703763,23,0
1765576424.3714142,24,1
1765576424.8323047,24,0
1765576424.833573,25,1
1765576425.194828,24,1
1765576425.1959293,25,0
1765576425.2678506,23,1
1765576425.2686768,24,0
1765576425.5608797,23,0
1765576425.563202,24,1
1765576425.6413252,24,0
1765576425.6421647,25,1
1765576426.5946982,24,1
1765576426.5954733,25,0
1765576455.1060274,24,0
1765576455.108513,25,1
1765576455.7137551,24,1
1765576455.7154,25,0
1765576456.2101057,23,1
1765576456.2127042,24,0
1765576456.565693,23,0
1765576456.5668402,24,1
1765576456.9076984,24,0
1765576456.9084542,25,1
1765576457.4351118,24,1
1765576457.436094,25,0
1765576458.1910317,23,1
1765576458.1925569,24,0
1765576458.6033766,23,0
1765576458.6043065,24,1
1765576458.8204238,24,0
1765576458.8205876,25,1
1765576459.4210505,24,1
1765576459.4216092,25,0
1765576486.86049,24,0
1765576486.8621936,25,1
1765576487.7031474,24,1
1765576487.7046528,25,0
1765576549.852211,24,0
1765576549.8529792,25,1
1765576550.2640724,24,1
1765576550.265159,25,0
1765576550.5675004,23,1
1765576550.5679655,24,0
1765576551.014834,23,0
1765576551.0150235,24,1
1765576552.559548,24,0
1765576552.5608974,25,1
1765576552.9521718,24,1
1765576552.952937,25,0
1765576553.473934,23,1
1765576553.4743044,24,0
1765576554.360531,23,0
1765576554.3616087,24,1
1765576555.2612386,24,0
1765576555.261708,25,1
1765576555.6284359,24,1
1765576555.629239,25,0
1765576555.9552944,23,1
1765576555.9559019,24,0
1765577649.6939907,23,0
1765577649.6949127,24,1
1765578585.3716998,24,0
1765578585.372951,25,1
1765578585.762733,24,1
1765578585.765089,25,0
1765578586.8050385,23,1
1765578586.8058455,24,0
1765579150.2016056,23,0
1765579150.202378,24,1
1765579150.2765744,24,0
1765579150.2771444,25,1
1765579150.9157574,24,1
1765579150.9159334,25,0
1765579151.7089033,24,0
1765579151.7112844,25,1
1765579152.389775,24,1
1765579152.390376,25,0
1765579155.7876196,24,0
1765579155.788079,25,1
1765579156.4324915,24,1
1765579156.4335325,25,0
1765579468.6699922,24,0
1765579468.6701715,25,1
1765579469.6913705,24,1
1765579469.6921847,25,0
1765579846.6554496,24,0
1765579846.6575825,25,1
1765579848.940553,24,1
1765579848.9409091,25,0
1765579848.9783683,23,1
1765579848.980261,24,0
1765579849.600063,23,0
1765579849.6007133,24,1
1765580383.339581,24,0
1765580383.3413284,25,1
1765580384.9024553,24,1
1765580384.9038243,25,0
1765580398.8036275,24,0
1765580398.8044896,25,1
1765580399.6604488,24,1
1765580399.6606016,25,0
1765580399.733186,23,1
1765580399.7337732,24,0
1765580400.4372191,23,0
1765580400.4378228,24,1
1765580413.3425941,24,0
1765580413.343004,25,1
1765580414.3730743,24,1
1765580414.3745332,25,0
1765581519.2809885,23,1
1765581519.2812793,24,0
1765581520.0685174,23,0
1765581520.0714188,24,1
1765581535.8794785,23,1
1765581535.879669,24,0
1765581536.6601331,23,0
1765581536.6605783,24,1
1765581536.9920583,24,0
1765581536.992387,25,1
1765581538.3397002,24,1
1765581538.34011,25,0
1765581538.4521785,23,1
1765581538.4534996,24,0
1765581538.7937949,23,0
1765581538.7941911,24,1
1765581570.9319956,24,0
1765581570.932631,25,1
1765581571.4633415,24,1
1765581571.4638305,25,0
1765581571.708335,23,1
1765581571.7090054,24,0
1765581572.1528494,23,0
1765581572.1540723,24,1
1765581718.2289715,23,1
1765581718.2291155,24,0
1765581718.9375625,23,0
1765581718.937726,24,1
1765582123.3754392,24,0
1765582123.3767526,25,1
1765582124.387702,24,1
1765582124.3878639,25,0
1765590369.1452699,24,0
1765590369.1489003,25,1
1765590369.632037,24,1
1765590369.6325223,25,0
1765590370.0743153,23,1
1765590370.0753334,24,0
1765590370.4525688,23,0
1765590370.452931,24,1
1765590370.898883,24,0
1765590370.8992472,25,1
1765590371.2061415,24,1
1765590371.2064793,25,0
1765590382.4798346,23,1
1765590382.4815357,24,0
1765590382.9971776,23,0
1765590382.9974844,24,1
1765590383.809554,24,0
1765590383.8102846,25,1
1765590384.4275954,24,1
1765590384.4312332,25,0
1766184185.162118,23,0
1766184185.1638818,24,1
1766184395.7863905,24,0
1766184395.7865636,25,1
1766184415.7918859,23,1
1766184417.102284,23,0
1766184417.1031637,24,1
1766184484.8039224,23,1
1766184484.8040798,24,0
1766184485.8213832,23,0
1766184485.821999,24,1
1766184582.3806572,24,0
1766184582.3808064,25,1
1766184582.633871,24,1
1766184582.6340227,25,0
1766184582.9586985,23,1
1766184582.9595609,24,0
1766184583.4099917,23,0
1766184583.4101596,24,1
1766184593.8729088,24,0
1766184593.8742042,25,1
1766184667.0925932,23,1
1766184667.092803,25,0
1766184668.2345927,23,0
1766184668.2347417,24,1
1766184669.5755816,23,1
1766184669.5757415,24,0
1766184669.8114166,23,0
1766184669.811577,24,1
1766184674.9908977,24,0
1766184682.8511925,24,0
1766184682.852186,25,1
1766184685.572651,24,1
1766184685.5735376,25,0
1766184685.6406853,23,1
1766184685.6413152,24,0
1766184686.0439012,23,0
1766184686.044185,24,1
1766184708.1064274,24,1
1766184710.1236691,24,0
1766184710.124212,25,1
1766184710.6273582,24,1
1766184710.6275115,25,0
1766184710.895752,23,1
1766184710.8959017,24,0
1766184712.1038768,23,0
1766184712.1041677,24,1
1766184712.6427755,23,1
1766184712.6433191,24,0
1766184714.2565453,23,0
1766184714.2567065,24,1
1766184715.196263,23,1
1766184715.196812,24,0
1766184743.942599,23,1
1766184745.319736,23,0
1766184745.3205593,24,1
1766184746.428183,24,0
1766184746.4285374,25,1
1766184747.0661829,24,1
1766184747.0663311,25,0
1766184747.6062899,24,0
1766184747.6076338,25,1
1766184748.1123114,24,1
1766184748.1128705,25,0
1766184748.2817557,23,1
1766184748.2823834,24,0
1766184749.0257323,23,0
1766184749.02612,24,1
1766184749.194405,24,0
1766184749.194798,25,1
1766184749.4637647,24,1
1766184749.4642138,25,0
1766184750.4754214,23,1
1766184750.475627,24,0
1766184750.7778625,23,0
1766184750.7780082,24,1
1766184796.4506865,23,1
1766184796.450843,24,0
1766184796.89761,23,0
1766184796.8986588,24,1
1766184796.9659033,24,0
1766184796.9660587,25,1
1766184797.7760618,24,1
1766184797.7762299,25,0
1766184797.8133833,23,1
1766184797.8140545,24,0
1766184804.6176345,23,0
1766184804.6181972,24,1
1766184804.6858358,24,0
1766184804.6864035,25,1
1766184804.990154,24,1
1766184804.9903822,25,0
1766184816.082412,24,0
1766184816.083298,25,1
1766184816.2536507,24,1
1766184816.2537887,25,0
1766184816.3554058,23,1
1766184816.355778,24,0
1766184821.5388863,23,0
1766184821.539579,24,1
1766184839.1351209,23,0
1766184839.1357098,24,1
1766184840.512537,24,0
1766184840.512815,25,1
1766184841.587671,24,1
1766184841.5882812,25,0
1766184844.0390296,23,1
1766184844.039436,24,0
1766184845.4499028,23,0
1766184845.4501276,24,1
1766184923.0504825,23,1
1766184923.0508094,24,0
1766184932.800392,24,1
1766184933.876431,23,1
1766184933.8765967,24,0
1766184934.7205012,23,0
1766184934.7206483,24,1
1766184936.1630735,24,0
1766184936.1632147,25,1
1766184938.7878113,24,1
1766184938.7886243,25,0
1766184940.74618,24,0
1766184940.7464359,25,1
1766184941.2839532,24,1
1766184941.2843366,25,0
1766184977.535365,24,0
1766184977.5355203,25,1
1766184978.2181797,24,1
1766184978.218858,25,0
1766184992.4964247,23,1
1766184992.49698,24,0
1766184993.4100251,23,0
1766184993.4108112,24,1
1766185127.893845,24,0
1766242840.4694073,23,1
1766242840.4722614,24,0
1766242842.1369464,23,0
1766242842.1371,24,1
1766242843.146817,0,1
1766242843.1471221,24,0
1766242843.147688,25,1
1766242843.2827654,0,0
1766242843.8055534,24,1
1766242843.8069482,25,0
1766242844.2522163,23,1
1766242844.2526436,24,0
1766242844.7281122,23,0
1766242844.728601,24,1
1766242862.5229475,23,1
1766242862.5234525,24,0
1766242863.6798453,23,0
1766242863.6801493,24,1
1766242864.9661126,23,1
1766242864.9673345,24,0
1766242865.3429053,23,0
1766242865.3434644,24,1
1766242909.973153,23,1
1766242909.974561,24,0
1766242910.6238105,23,0
1766242910.625522,24,1
1766242911.5905967,24,0
1766242911.591118,25,1
1766242913.4102306,24,1
1766242913.415065,25,0
1766242914.7549624,23,1
1766242914.7575145,24,0
1766242915.7838774,23,0
1766242915.7843826,24,1
1766242917.046027,23,1
1766242917.0472505,24,0
1766242917.765066,23,0
1766242917.7667902,24,1
1766242950.1940477,24,0
1766242950.1945965,25,1
1766242951.1530855,24,1
1766242951.1546333,25,0
1766242951.8717961,23,1
1766242951.8727014,24,0
1766242952.4589024,23,0
1766242952.460504,24,1
1766242960.802045,23,1
1766242960.8042903,24,0
1766242989.0655618,23,0
1766243003.302558,24,1
1766243004.3227825,23,1
1766243004.3241334,24,0
1766243004.702063,23,0
1766243004.702734,24,1
1766243019.3735847,24,0
1766243019.376061,25,1
1766243020.4398913,24,1
1766243020.4406118,25,0
1766243021.0150635,23,1
1766243021.0163188,24,0
1766243021.66091,23,0
1766243021.6610708,24,1
1766243023.2439146,23,1
1766243023.2442596,24,0
1766243034.1678293,23,0
1766243034.1695368,24,1
1766243036.748533,24,0
1766243036.7496448,25,1
1766243037.8049965,24,1
1766243037.8067136,25,0
1766243038.6618595,23,1
1766243038.6624014,24,0
1766243039.3458161,23,0
1766243039.3470128,24,1
1766243040.671905,24,0
1766243040.672181,25,1
1766243041.2830431,24,1
1766243041.2838278,25,0
1766243041.6592298,23,1
1766243041.659746,24,0
1766243042.5468857,23,0
1766243042.5473464,24,1
1766243047.7074163,23,1
1766243047.708252,24,0
1766243068.4134572,23,0
1766243068.4143155,24,1
1766243070.1930082,24,0
1766243070.195035,25,1
1766243071.0207372,24,1
1766243071.0221972,25,0
1766243071.263299,23,1
1766243071.2638054,24,0
1766243071.7397478,23,0
1766243071.7405481,24,1
1766243072.188613,23,1
1766243072.189898,24,0
1766243073.082058,23,0
1766243073.0845299,24,1
1766243083.5712404,24,0
1766243083.5720818,25,1
1766243084.024279,24,1
1766243084.0259113,25,0
1766243084.3684053,23,1
1766243084.3688955,24,0
1766243085.9847481,23,0
1766243085.986071,24,1
1766243086.540143,24,0
1766243086.5417295,25,1
1766243086.8217785,24,1
1766243086.8229148,25,0
1766243106.974681,23,1
1766243106.9757526,24,0
1766243114.5742812,23,0
1766243114.5746388,24,1
1766243117.1348798,24,0
1766243117.1354337,25,1
1766243118.386305,24,1
1766243118.3881602,25,0
1766243119.1666436,24,0
1766243119.1678293,25,1
1766243120.1908948,24,1
1766243120.1917536,25,0
1766243120.6324766,23,1
1766243120.6329653,24,0
1766243121.0415854,23,0
1766243121.0419796,24,1
1766243121.7840059,24,0
1766243121.7851155,25,1
1766243122.4285054,24,1
1766243122.4295812,25,0
1766243122.8024726,23,1
1766243122.8037448,24,0
1766243123.211782,23,0
1766243123.2129664,24,1
1766243123.6515155,24,0
1766243123.6520138,25,1
1766243124.8023121,24,1
1766243124.803371,25,0
1766243125.0417798,23,1
1766243125.0422633,24,0
1766243125.5863967,23,0
1766243125.587606,24,1
1766243126.4706097,24,0
1766243126.4711075,25,1
1766243127.692073,24,1
1766243127.6923134,25,0
1766243128.2352166,23,1
1766243128.2357142,24,0
1766243128.7101278,23,0
1766243128.7110863,24,1
1766243132.5070214,23,1
1766243132.5072477,24,0
1766243134.2760322,23,0
1766243134.2765453,24,1
1766243140.5902863,23,1
1766243140.5914664,24,0
1766243141.609362,23,0
1766243141.6100183,24,1
1766243556.1532557,23,1
1766243556.1546228,24,0
1766243556.4039283,23,0
1766243556.404477,24,1
1766243557.5534625,24,0
1766243557.556066,25,1
1766243559.987083,24,1
1766243559.987745,25,0
1766243560.6026087,23,1
1766243560.6053455,24,0
1766243563.8298244,23,0
1766243563.831425,24,1
1766243696.745697,24,0
1766243696.7462604,25,1
1766243697.2658725,24,1
1766243697.2670028,25,0
1766243926.8811512,23,1
1766243926.8815799,24,0
1766243927.2588532,23,0
1766243927.2592216,24,1
1766243928.078462,24,0
1766243928.078752,25,1
1766243928.4776049,24,1
1766243928.4788532,25,0
1766244083.9381545,24,0
1766244083.938629,25,1
1766244085.377294,24,1
1766244085.377618,25,0
1766244087.114165,23,1
1766244087.1143143,24,0
1766244089.005346,23,0
1766244089.0061183,24,1
1766244089.9000568,24,0
1766244089.900886,25,1
1766244090.4446132,24,1
1766244090.4447544,25,0
1766244197.9786878,24,0
1766244197.9794717,25,1
1766244198.809931,24,1
1766244198.8114073,25,0
1766244510.437722,23,1
1766244510.4386373,24,0
1766244511.032084,23,0
1766244511.032982,24,1
1766244798.395289,24,0
1766244798.3964212,25,1
1766244798.8108206,24,1
1766244798.811932,25,0
1766244800.3597834,23,1
1766244800.3609748,24,0
1766245315.9992223,0,1
1766245318.7262504,0,0
1766245405.365476,0,1
1766245405.6219807,0,0
1766245406.497026,32,1
1766245406.5339534,32,0
1766246050.987593,28,1
1766246051.069369,28,0
1766247591.9979267,23,0
1766260216.9029484,23,0
1766260216.9036512,24,1
1766260557.9973588,24,0
1766260558.0006104,25,1
1766260559.7007442,24,1
1766260559.7012653,25,0
1766260560.2781327,23,1
1766260560.2817357,24,0
1766260560.9627306,23,0
1766260560.9641535,24,1
1766260561.1821475,24,0
1766260561.1826248,25,1
1766260562.0343385,24,1
1766260562.034602,25,0
1766261166.837048,23,1
1766261166.8380082,24,0
1766271707.80068,23,0
1766271707.8021479,24,1
1766271712.6030457,24,0
1766271712.6035395,25,1
1766271713.3257868,24,1
1766271713.3262753,25,0
1766271731.396192,23,1
1766271731.3968632,24,0
1766271733.046393,23,0
1766271733.0474799,24,1
1766271762.5534544,23,1
1766271762.5535972,24,0
1766271763.0252829,23,0
1766271763.0254264,24,1
1766271976.6458378,23,1
1766271976.6459854,24,0
1766271989.6554158,23,0
1766271989.6555507,24,1
1766272061.3185153,24,0
1766272061.3186493,25,1
1766272061.8671782,24,1
1766272061.8675826,25,0
1767107365.6038811,23,0
1767107365.6053522,24,1
1767107366.1185365,23,1
1767107366.121379,24,0
1767107370.705185,23,0
1767107370.705934,24,1
1767107371.8847182,24,0
1767107371.8852534,25,1
1767107373.940739,24,1
1767107373.9411905,25,0
1767107386.2562163,24,0
1767107386.2567272,25,1
1767107388.2318425,24,1
1767107388.2323115,25,0
